category,subcategory,categoryPath,id,name,description,price,priceFormatted,available,imageUrl,optionGroupCount
"Barra Terracielo","","Barra Terracielo","200","Michelada (Limón y Merquen)","","1000","$1.000","true","","0"
"Barra Terracielo","","Barra Terracielo","267","Pallmar XL Sunset","","5000","$5.000","true","","0"
"Barra Terracielo","","Barra Terracielo","389","ballantine¨s","","6500","$6.500","true","","0"
"Barra Terracielo","","Barra Terracielo","391","vodka black","","4500","$4.500","true","","0"
"Barra Terracielo","","Barra Terracielo","392","CAIPIROSKA","","5500","$5.500","true","","0"
"Barra Terracielo","","Barra Terracielo","425","MANGO SOUR","","7500","$7.500","true","","0"
"Barra Terracielo","","Barra Terracielo","432","Copa Casillero del Diablo","","5000","$5.000","true","","0"
"Barra Terracielo","","Barra Terracielo","439","Limón extra","","1000","$1.000","true","","0"
"Barra Terracielo","1.Mojitos Tropical","Barra Terracielo > 1.Mojitos Tropical","339","Mojito Cubano","¡Sumérgete en la frescura caribeña con nuestro Mojito Cubano! Una deliciosa mezcla de ron, hierbabuena recién cortada, jugo de lima y un toque de soda burbujeante. Perfecto para cualquier ocasión, este clásico cóctel te hará sentir como si estuvieras bailando en las vibrantes calles de La Habana. ¡Salud! 🍹","5500","$5.500","true","","0"
"Barra Terracielo","1.Mojitos Tropical","Barra Terracielo > 1.Mojitos Tropical","340","Mojito Maracuya","¡Déjate seducir por nuestro exótico Mojito Maracuyá! Una deliciosa fusión de ron, jugosa maracuyá, menta fresca y un toque de soda burbujeante. Este cóctel tropical te transportará a un paraíso de sabores vibrantes y refrescantes. Perfecto para darle un toque de alegría y color a tu día. ¡Cada sorbo es una fiesta! 🍹🌺","5500","$5.500","true","","0"
"Barra Terracielo","1.Mojitos Tropical","Barra Terracielo > 1.Mojitos Tropical","341","Mojito Arandano","¡Enamórate de nuestro tentador Mojito Arándano! Una refrescante mezcla de ron, jugosos arándanos, menta fresca y un toque de soda burbujeante. Este cóctel es perfecto para quienes buscan una explosión de sabor y color en cada sorbo. ¡Sorprendente, coqueto y absolutamente delicioso, no podrás resistirte a su encanto! 🍹💙","5500","$5.500","true","","0"
"Barra Terracielo","1.Mojitos Tropical","Barra Terracielo > 1.Mojitos Tropical","343","Mojito Mango","¡Sumérgete en el exotismo de nuestro Mojito Mango! Una deliciosa mezcla de ron, jugoso mango, menta fresca y un toque de soda burbujeante. Este cóctel, coqueto y refrescante, te transportará a un paraíso tropical con cada sorbo. ¡Dale un twist tropical a tu día y déjate llevar por su sabor irresistible! 🍹🥭","5500","$5.500","true","","0"
"Barra Terracielo","1.Mojitos Tropical","Barra Terracielo > 1.Mojitos Tropical","342","Mojito Frutilla","¡Déjate cautivar por nuestro encantador Mojito Frutilla! Una deliciosa combinación de ron, fresas maduras, menta fresca y un toque de soda chispeante. Este cóctel, coqueto y refrescante, es ideal para añadir un toque de dulzura y diversión a tu día. ¡Cada sorbo es un guiño a la alegría y el sabor! 🍹🍓","5500","$5.500","true","","0"
"Barra Terracielo","1.Mojitos Tropical","Barra Terracielo > 1.Mojitos Tropical","346","Mojito kiwi","","5500","$5.500","true","","0"
"Barra Terracielo","1.Mojitos Tropical","Barra Terracielo > 1.Mojitos Tropical","353","Mojito Piña","","5500","$5.500","true","","0"
"Barra Terracielo","2. Mojitos Terralove","Barra Terracielo > 2. Mojitos Terralove","208","Mojito Ramazzotti","¡Disfruta de la sofisticación con nuestro Mojito Ramazzotti! Una irresistible mezcla de Amaro Ramazzotti, menta fresca, jugo de lima y un toque de soda burbujeante. Este cóctel, coqueto y elegante, te envolverá en una experiencia de sabor única y deliciosa. ¡Perfecto para quienes buscan algo diferente y lleno de estilo! 🍹✨","7000","$7.000","true","","0"
"Barra Terracielo","2. Mojitos Terralove","Barra Terracielo > 2. Mojitos Terralove","201","Mojito Corona","¡Dale un giro refrescante a tu día con nuestro Mojito Corona! Una vibrante combinación de cerveza Corona, menta fresca, jugo de lima y un toque de soda burbujeante. Este cóctel, coqueto y refrescante, es perfecto para los amantes de la cerveza que buscan algo diferente y divertido. ¡Cada sorbo es pura alegría y sabor! 🍹🍺","7500","$7.500","true","","0"
"Barra Terracielo","2. Mojitos Terralove","Barra Terracielo > 2. Mojitos Terralove","269","Mojito irlandes","¡Descubre el encanto del Mojito Irlandés en nuestro restaurante! Una mezcla única de whisky irlandés, menta fresca, jugo de lima y un toque de soda burbujeante. Este cóctel, coqueto y lleno de carácter, te transportará a los verdes campos de Irlanda con cada sorbo. ¡Una experiencia única que no te puedes perder! 🍀🥃","8000","$8.000","true","","0"
"Barra Terracielo","2. Mojitos Terralove","Barra Terracielo > 2. Mojitos Terralove","299","Mojito Absolut","¡Descubre la magia de nuestro Mojito Absolute! Una seductora mezcla de vodka Absolut, menta fresca, jugo de lima y un toque de soda chispeante. Este cóctel es el compañero perfecto para una noche inolvidable, lleno de frescura y estilo. ¡Déjate conquistar por su sabor irresistible y brilla en cada sorbo! 🍸🌟","6500","$6.500","true","","0"
"Barra Terracielo","2. Mojitos Terralove","Barra Terracielo > 2. Mojitos Terralove","303","Mojito Jagger","¡Atrévete a probar nuestro Mojito Jagger! Una explosiva combinación de Jägermeister, menta fresca, jugo de lima y un toque de soda burbujeante que despertará tus sentidos. Perfecto para aquellos que buscan algo diferente y audaz, este cóctel te hará vibrar con cada sorbo. ¡No podrás resistirte a su encanto salvaje! 🍹✨","6500","$6.500","true","","0"
"Barra Terracielo","3. Schop","Barra Terracielo > 3. Schop","316","Schop Heineken 500 ml","¡Salud y buenos momentos garantizados! 🍻","4500","$4.500","true","","0"
"Barra Terracielo","3. Schop","Barra Terracielo > 3. Schop","317","Schop Kunstmann Torobayo 500 ml","","4500","$4.500","true","","0"
"Barra Terracielo","3. Schop","Barra Terracielo > 3. Schop","257","SCHOPS AUSTRAL CALAFATE 500 ml","","5500","$5.500","true","","0"
"Barra Terracielo","4.Cervezas Botellin","Barra Terracielo > 4.Cervezas Botellin","223","Corona Botellin","","3500","$3.500","true","","0"
"Barra Terracielo","4.Cervezas Botellin","Barra Terracielo > 4.Cervezas Botellin","222","Heineken Botellin","","3500","$3.500","true","","0"
"Barra Terracielo","4.Cervezas Botellin","Barra Terracielo > 4.Cervezas Botellin","255","KUNSTMANN MIEL 500CC","","4800","$4.800","true","","0"
"Barra Terracielo","4.Cervezas Botellin","Barra Terracielo > 4.Cervezas Botellin","256","KUNSTMANN TOROBAYO 500 CC","","4800","$4.800","true","","0"
"Barra Terracielo","4.Cervezas Botellin","Barra Terracielo > 4.Cervezas Botellin","258","DOLBEK MAKI 330CC","","3990","$3.990","true","","0"
"Barra Terracielo","4.Cervezas Botellin","Barra Terracielo > 4.Cervezas Botellin","337","AUSTRAL CALAFATE BOTELLIN 500cc","","4500","$4.500","true","","0"
"Barra Terracielo","4.Cervezas Botellin","Barra Terracielo > 4.Cervezas Botellin","275","Budweiser Botellin","Budweiser 330 CC","3200","$3.200","true","","0"
"Barra Terracielo","4.Cervezas Botellin","Barra Terracielo > 4.Cervezas Botellin","345","Sol Botellin","","3000","$3.000","true","","0"
"Barra Terracielo","4.Cervezas Botellin","Barra Terracielo > 4.Cervezas Botellin","430","Cerveza Valdivia","","4800","$4.800","true","","0"
"Barra Terracielo","4.Cervezas Botellin","Barra Terracielo > 4.Cervezas Botellin","438","Austral Patagonia Botellín 330","","4000","$4.000","true","","0"
"Barra Terracielo","6. Coctail Terracielo","Barra Terracielo > 6. Coctail Terracielo","209","Ron Habana 7 Años","","7500","$7.500","true","","0"
"Barra Terracielo","6. Coctail Terracielo","Barra Terracielo > 6. Coctail Terracielo","210","Johnnie Walker Red Label","","7500","$7.500","true","","0"
"Barra Terracielo","6. Coctail Terracielo","Barra Terracielo > 6. Coctail Terracielo","244","Pisco Sour","","6000","$6.000","true","","0"
"Barra Terracielo","6. Coctail Terracielo","Barra Terracielo > 6. Coctail Terracielo","260","Jack Daniels Honey","","7500","$7.500","true","","0"
"Barra Terracielo","6. Coctail Terracielo","Barra Terracielo > 6. Coctail Terracielo","266","Ramazzoti","","6500","$6.500","true","","0"
"Barra Terracielo","6. Coctail Terracielo","Barra Terracielo > 6. Coctail Terracielo","272","Pisco Mistral Vaso 35º","","6500","$6.500","true","","1"
"Barra Terracielo","6. Coctail Terracielo","Barra Terracielo > 6. Coctail Terracielo","274","RON BACARDI","","5900","$5.900","true","","0"
"Barra Terracielo","6. Coctail Terracielo","Barra Terracielo > 6. Coctail Terracielo","276","Aperol","Coctel de origen italiano, el cual contiene una mezcla cuidadosa de espumante, aperol y soda. Es servido sobre una elegante copa de vino llena de hielo, acompañado de una rodaja de naranja.","6500","$6.500","true","","0"
"Barra Terracielo","6. Coctail Terracielo","Barra Terracielo > 6. Coctail Terracielo","294","Amarula","Amarla","6000","$6.000","true","","0"
"Barra Terracielo","6. Coctail Terracielo","Barra Terracielo > 6. Coctail Terracielo","295","Piña Colada","Ron, Crema de Coco Lopez y Pulpa de Piña.","5500","$5.500","true","","0"
"Barra Terracielo","6. Coctail Terracielo","Barra Terracielo > 6. Coctail Terracielo","296","PIÑA TERRALOVER","Ron, Crema de Coco Lopez y Pulpa de Piña y 01 Sabor de Fruta a elección","7000","$7.000","true","","0"
"Barra Terracielo","6. Coctail Terracielo","Barra Terracielo > 6. Coctail Terracielo","302","Ruso Negro","","6500","$6.500","true","","0"
"Barra Terracielo","6. Coctail Terracielo","Barra Terracielo > 6. Coctail Terracielo","304","Tequila Sombrero Negro","3 Shot de Tequila","5000","$5.000","true","","0"
"Barra Terracielo","6. Coctail Terracielo","Barra Terracielo > 6. Coctail Terracielo","305","Tequila Margarita","","6500","$6.500","true","","0"
"Barra Terracielo","6. Coctail Terracielo","Barra Terracielo > 6. Coctail Terracielo","307","ABSOLUT BLUE","","5900","$5.900","true","","0"
"Barra Terracielo","6. Coctail Terracielo","Barra Terracielo > 6. Coctail Terracielo","308","Ron Habana Reserva","Ron Habana Gran Reserva","6000","$6.000","true","","1"
"Barra Terracielo","6. Coctail Terracielo","Barra Terracielo > 6. Coctail Terracielo","320","TROPICAL GIN","","7500","$7.500","true","","0"
"Barra Terracielo","6. Coctail Terracielo","Barra Terracielo > 6. Coctail Terracielo","322","Pisco Mistral Vaso 40º","","7500","$7.500","true","","0"
"Barra Terracielo","6. Coctail Terracielo","Barra Terracielo > 6. Coctail Terracielo","328","Gin Sapphire","","7000","$7.000","true","","0"
"Barra Terracielo","6. Coctail Terracielo","Barra Terracielo > 6. Coctail Terracielo","329","Gin Tanqueray lindon","","7200","$7.200","true","","0"
"Barra Terracielo","6. Coctail Terracielo","Barra Terracielo > 6. Coctail Terracielo","331","Gin Beefeater London","Dry 40° 750 cc","7500","$7.500","true","","0"
"Barra Terracielo","6. Coctail Terracielo","Barra Terracielo > 6. Coctail Terracielo","332","CAIPIRINHA","Refrescante cocktail que combina trozos de limon de pica macerados y cachaza o Ron sobre hielo frappe","5500","$5.500","true","","0"
"Barra Terracielo","6. Coctail Terracielo","Barra Terracielo > 6. Coctail Terracielo","347","Baileys","","7000","$7.000","true","","0"
"Barra Terracielo","6. Coctail Terracielo","Barra Terracielo > 6. Coctail Terracielo","348","Chivas Regal 12 Años HH","","12000","$12.000","true","","0"
"Barra Terracielo","6. Coctail Terracielo","Barra Terracielo > 6. Coctail Terracielo","350","TEQUILA TERRA HOT","03 cortos de tequilas al estilo terra hot con un toque de kalua y escénicas de la casa, decorados al nivel más hot con fuego","7900","$7.900","true","","0"
"Barra Terracielo","6. Coctail Terracielo","Barra Terracielo > 6. Coctail Terracielo","354","Clavo Oxidado","","6500","$6.500","true","","0"
"Barra Terracielo","6. Coctail Terracielo","Barra Terracielo > 6. Coctail Terracielo","355","FERNET BRONCO","","5500","$5.500","true","","1"
"Barra Terracielo","6. Coctail Terracielo","Barra Terracielo > 6. Coctail Terracielo","363","Terremoto Terra","Pipeño, Granadina, Helado de piña y Espumante al estilo terracielo","5000","$5.000","true","","0"
"Barra Terracielo","6. Coctail Terracielo","Barra Terracielo > 6. Coctail Terracielo","376","Whiskey Jack Daniel´s Old No 7","","7500","$7.500","true","","0"
"Barra Terracielo","6. Coctail Terracielo","Barra Terracielo > 6. Coctail Terracielo","378","Bajativos","Menta, Jager, fernet,","1500","$1.500","true","","0"
"Barra Terracielo","6. Coctail Terracielo","Barra Terracielo > 6. Coctail Terracielo","390","sheridans","","7000","$7.000","true","","0"
"Barra Terracielo","6. Coctail Terracielo","Barra Terracielo > 6. Coctail Terracielo","395","Malibu Sunrise","","7000","$7.000","true","","0"
"Barra Terracielo","6. Coctail Terracielo","Barra Terracielo > 6. Coctail Terracielo","396","Negroni","","8900","$8.900","true","","0"
"Barra Terracielo","6. Coctail Terracielo","Barra Terracielo > 6. Coctail Terracielo","410","RON SIERRA MORENA","","5000","$5.000","true","","0"
"Barra Terracielo","6. Coctail Terracielo","Barra Terracielo > 6. Coctail Terracielo","411","Daiquiri","","6500","$6.500","true","","0"
"Barra Terracielo","6. Coctail Terracielo","Barra Terracielo > 6. Coctail Terracielo","413","Ron Abuelo","","6000","$6.000","true","","1"
"Barra Terracielo","6. Coctail Terracielo","Barra Terracielo > 6. Coctail Terracielo","423","Tom Collins","","6500","$6.500","true","","0"
"Barra Terracielo","6. Coctail Terracielo","Barra Terracielo > 6. Coctail Terracielo","428","Pisco Sour Catedral","","9500","$9.500","true","","0"
"Barra Terracielo","6. Coctail Terracielo","Barra Terracielo > 6. Coctail Terracielo","433","Jack Daniels Apple","","7500","$7.500","true","","0"
"Barra Terracielo","6. Coctail Terracielo","Barra Terracielo > 6. Coctail Terracielo","434","Jack Daniels Fire","","7500","$7.500","true","","0"
"Barra Terracielo","6. Coctail Terracielo","Barra Terracielo > 6. Coctail Terracielo","435","Pisco Mal Paso","","7000","$7.000","true","","0"
"Barra Terracielo","6. Coctail Terracielo","Barra Terracielo > 6. Coctail Terracielo","436","Pisco Horcon Quemado","","7000","$7.000","true","","0"
"Barra Terracielo","6. Coctail Terracielo","Barra Terracielo > 6. Coctail Terracielo","437","Pisco Mal Paso ICONO","","8500","$8.500","true","","0"
"Barra Terracielo","6. Coctail Terracielo","Barra Terracielo > 6. Coctail Terracielo","442","Ron Habana Especial","","6900","$6.900","true","","0"
"Barra Terracielo","6. Coctail Terracielo","Barra Terracielo > 6. Coctail Terracielo","471","Johnnie Walker Black Label","","8000","$8.000","true","","0"
"Barra Terracielo","6. Coctail Terracielo","Barra Terracielo > 6. Coctail Terracielo","483","Pisco Boul Legado Reserva","","8000","$8.000","true","","0"
"Barra Terracielo","6. Coctail Terracielo","Barra Terracielo > 6. Coctail Terracielo","484","HH Pisco Mal Paso","","11500","$11.500","true","","0"
"Barra Terracielo","7. HH Terralovers","Barra Terracielo > 7. HH Terralovers","196","Mojito Tropical HH","","10000","$10.000","true","","1"
"Barra Terracielo","7. HH Terralovers","Barra Terracielo > 7. HH Terralovers","300","Mojito Absolut HH","","12000","$12.000","true","","0"
"Barra Terracielo","7. HH Terralovers","Barra Terracielo > 7. HH Terralovers","254","HH Corona Botellin 2x1","","6000","$6.000","true","","0"
"Barra Terracielo","7. HH Terralovers","Barra Terracielo > 7. HH Terralovers","313","HH Johnnie Walker Black Label","","15000","$15.000","true","","0"
"Barra Terracielo","7. HH Terralovers","Barra Terracielo > 7. HH Terralovers","314","HH Jack Daniels Honey","","12000","$12.000","true","","0"
"Barra Terracielo","7. HH Terralovers","Barra Terracielo > 7. HH Terralovers","326","HH Schop Heineken","","8000","$8.000","true","","0"
"Barra Terracielo","7. HH Terralovers","Barra Terracielo > 7. HH Terralovers","327","HH Schop kunstmann Torobayo","","8000","$8.000","true","","0"
"Barra Terracielo","7. HH Terralovers","Barra Terracielo > 7. HH Terralovers","349","HH Mojito Ramazzotti","","13000","$13.000","true","","0"
"Barra Terracielo","7. HH Terralovers","Barra Terracielo > 7. HH Terralovers","356","HH Johnnie Walker Red Label","","13000","$13.000","true","","0"
"Barra Terracielo","7. HH Terralovers","Barra Terracielo > 7. HH Terralovers","366","HH SCHOPS AUSTRAL CALAFATE","","9000","$9.000","true","","0"
"Barra Terracielo","7. HH Terralovers","Barra Terracielo > 7. HH Terralovers","369","HH Ron Habana Reserva","","10500","$10.500","true","","0"
"Barra Terracielo","7. HH Terralovers","Barra Terracielo > 7. HH Terralovers","370","HH CAIPIRINHA","","9900","$9.900","true","","0"
"Barra Terracielo","7. HH Terralovers","Barra Terracielo > 7. HH Terralovers","372","HH PISCO SOUR","","10000","$10.000","true","","0"
"Barra Terracielo","7. HH Terralovers","Barra Terracielo > 7. HH Terralovers","377","HH Whiskey Jack Daniel´s Old No 7","","12900","$12.900","true","","0"
"Barra Terracielo","7. HH Terralovers","Barra Terracielo > 7. HH Terralovers","381","HH Ramazotti","","11000","$11.000","true","","0"
"Barra Terracielo","7. HH Terralovers","Barra Terracielo > 7. HH Terralovers","384","HH Pisco Mistral 35º","","11000","$11.000","true","","0"
"Barra Terracielo","7. HH Terralovers","Barra Terracielo > 7. HH Terralovers","385","HH Tropical GIN","","12000","$12.000","true","","0"
"Barra Terracielo","8. Vinos","Barra Terracielo > 8. Vinos","259","Vino Late Harvest Copa","","4500","$4.500","true","","0"
"Barra Terracielo","8. Vinos","Barra Terracielo > 8. Vinos","283","Vino tinto casillero del diablo copa","Cops Casillero del diablo, Carmener reserva","4000","$4.000","true","","0"
"Barra Terracielo","8. Vinos","Barra Terracielo > 8. Vinos","291","Misioneros de Rengo Botella","","15500","$15.500","true","","0"
"Barra Terracielo","8. Vinos","Barra Terracielo > 8. Vinos","298","Vino tinto misiones de rengo copa","","4500","$4.500","true","","0"
"Barra Terracielo","8. Vinos","Barra Terracielo > 8. Vinos","309","Casillero del Diablo Botella","Botella 750cc","20000","$20.000","true","","0"
"Barra Terracielo","8. Vinos","Barra Terracielo > 8. Vinos","323","Toro de Piedra copa","Copa Merlot","4500","$4.500","true","","0"
"Barra Terracielo","8. Vinos","Barra Terracielo > 8. Vinos","351","Vino Las Mulas Reserva 2022 Botella","","16000","$16.000","true","","0"
"Barra Terracielo","8. Vinos","Barra Terracielo > 8. Vinos","352","Las Mulas Reserva","Vino Tinto Las Mulas Reserva 2022 Botella","16000","$16.000","true","","0"
"Barra Terracielo","8. Vinos","Barra Terracielo > 8. Vinos","357","Vino Las Mulas Copa","","4000","$4.000","true","","0"
"Barra Terracielo","8. Vinos","Barra Terracielo > 8. Vinos","416","Toro de Pierda Botella","","20000","$20.000","true","","0"
"Barra Terracielo","8. Vinos","Barra Terracielo > 8. Vinos","441","Botella Vino Blanco latte Harvest","","13500","$13.500","true","","0"
"Barra Terracielo","8. Vinos","Barra Terracielo > 8. Vinos","482","Sangre de Toro","","3000","$3.000","true","","0"
"Barra Terracielo","9. Botellón","Barra Terracielo > 9. Botellón","270","Jack Daniels botella","Botella buchanans","60000","$60.000","true","","0"
"Barra Terracielo","9. Botellón","Barra Terracielo > 9. Botellón","271","Bacardi Botella","Botella Bacardi","35000","$35.000","true","","0"
"Barra Terracielo","9. Botellón","Barra Terracielo > 9. Botellón","330","Pisco Mistral Botella 35´","","55000","$55.000","true","","0"
"Barra Terracielo","9. Botellón","Barra Terracielo > 9. Botellón","443","REDLEBEL BOTELLA","","50000","$50.000","true","","0"
"Para Refrescar","Bebidas","Para Refrescar > Bebidas","220","Coca- Cola 1.5 L","","3500","$3.500","true","","0"
"Para Refrescar","Bebidas","Para Refrescar > Bebidas","252","Coca-Cola Zero 1.5 L","","3500","$3.500","true","","0"
"Para Refrescar","Bebidas","Para Refrescar > Bebidas","169","Coca Cola 350cc","Lata 350 cc","1600","$1.600","true","","0"
"Para Refrescar","Bebidas","Para Refrescar > Bebidas","170","Coca Cola Zero 350 cc","Lata 350 cc","1600","$1.600","true","","0"
"Para Refrescar","Bebidas","Para Refrescar > Bebidas","217","Coca Cola Mini 220 cc","Lata 220 ml","1000","$1.000","true","","0"
"Para Refrescar","Bebidas","Para Refrescar > Bebidas","403","Coca Cola Mini Zero 220 cc","","1000","$1.000","true","","0"
"Para Refrescar","Bebidas","Para Refrescar > Bebidas","250","Fanta Mini 220 ml","","1000","$1.000","true","","0"
"Para Refrescar","Bebidas","Para Refrescar > Bebidas","199","Sprite Mini 220 cc","","1000","$1.000","true","","0"
"Para Refrescar","Bebidas","Para Refrescar > Bebidas","181","Pepsi 350 cc","350cc","1500","$1.500","true","","0"
"Para Refrescar","Bebidas","Para Refrescar > Bebidas","173","Bilz (Lata 350 cc)","350cc","1500","$1.500","true","","0"
"Para Refrescar","Bebidas","Para Refrescar > Bebidas","174","Pap (Lata 350 cc)","(Lata 350 cc)","1500","$1.500","true","","0"
"Para Refrescar","Bebidas","Para Refrescar > Bebidas","177","Agua Porvenir C/G","","2100","$2.100","true","","0"
"Para Refrescar","Bebidas","Para Refrescar > Bebidas","251","Agua Benedictino Sin Gas","","1700","$1.700","true","","0"
"Para Refrescar","Bebidas","Para Refrescar > Bebidas","204","KEM","","1300","$1.300","true","","0"
"Para Refrescar","Bebidas","Para Refrescar > Bebidas","183","Agua Benedictino C/G","","1700","$1.700","true","","0"
"Para Refrescar","Bebidas","Para Refrescar > Bebidas","206","Cachantun Strong Negra","","1500","$1.500","true","","0"
"Para Refrescar","Bebidas","Para Refrescar > Bebidas","344","Canada Dry Tonica","","1500","$1.500","true","","0"
"Para Refrescar","Bebidas","Para Refrescar > Bebidas","470","Cachantun con Gas","","1100","$1.100","true","","0"
"Para Refrescar","Bebidas","Para Refrescar > Bebidas","472","Fanta 1.5 Lts","","3500","$3.500","true","","0"
"Para Refrescar","Jugos Naturales","Para Refrescar > Jugos Naturales","87","Jugo Mango","","3900","$3.900","true","","0"
"Para Refrescar","Jugos Naturales","Para Refrescar > Jugos Naturales","79","Jugo Arándano","","4200","$4.200","true","","0"
"Para Refrescar","Jugos Naturales","Para Refrescar > Jugos Naturales","185","Jugo Maracuya","","4200","$4.200","true","","0"
"Para Refrescar","Jugos Naturales","Para Refrescar > Jugos Naturales","77","Jugo de Piña","","3900","$3.900","true","","0"
"Para Refrescar","Jugos Naturales","Para Refrescar > Jugos Naturales","80","Jugo Frutilla","","3900","$3.900","true","","0"
"Para Refrescar","Jugos Naturales","Para Refrescar > Jugos Naturales","192","Jugo KIWI","","3800","$3.800","true","","0"
"Para Refrescar","Jugos Naturales","Para Refrescar > Jugos Naturales","105","Limonada","","3500","$3.500","true","","0"
"Para Refrescar","Jugos Naturales","Para Refrescar > Jugos Naturales","153","Jugo Mango Frutilla","","4600","$4.600","true","","0"
"Para Refrescar","Jugos Naturales","Para Refrescar > Jugos Naturales","182","Mix de Maracuya Piña","","4500","$4.500","true","","0"
"Para Refrescar","Jugos Naturales","Para Refrescar > Jugos Naturales","76","Jugo Mango leche","","4500","$4.500","true","","0"
"Para Refrescar","Jugos Naturales","Para Refrescar > Jugos Naturales","78","Jugo frutilla con leche","","4500","$4.500","true","","0"
"Para Refrescar","Jugos Naturales","Para Refrescar > Jugos Naturales","81","Jarra de Limonada Menta Jengibre","","6500","$6.500","true","","0"
"Para Refrescar","Jugos Naturales","Para Refrescar > Jugos Naturales","324","Jugo Frutos Rojos (Arandano Frutilla)","","4500","$4.500","true","","0"
"Para Refrescar","Jugos Naturales","Para Refrescar > Jugos Naturales","398","Jugo de Melon 🍈","","3500","$3.500","true","","0"
"Para Refrescar","Jugos Naturales","Para Refrescar > Jugos Naturales","399","Jugo Mango Maracuya","","4500","$4.500","true","","0"
"Para Refrescar","Jugos Naturales","Para Refrescar > Jugos Naturales","440","Platano con Leche","","4300","$4.300","true","","0"
"Arma tu Plato, Carne mas Guarnición a Elección","","Arma tu Plato, Carne mas Guarnición a Elección","90","PARRILLADA TERRACIELO, PARA 2 O 3 PERSONAS","CARNE VACUNO, PULPA DE CERDO, CHULETA VETADA, PECHUGA DE POLLO, PRIETAS, LONGANIZAS, CHORIZO, PAPAS RÚSTICAS + 1 GUARNICION A ELECCION Y SALSAS A ELECCIÓN.","34900","$34.900","true","","1"
"Arma tu Plato, Carne mas Guarnición a Elección","","Arma tu Plato, Carne mas Guarnición a Elección","315","Filete de Res","MEDALLÓN DE 250 GRS DE FILETE GRILLADO CON NOTAS AHUMADAS Y CHIMICHURRI ARGENTINO MONTADO SOBRE UNA CAMA DE TOMATE Y CEBOLLA SALTEADOS","18900","$18.900","true","","1"
"Arma tu Plato, Carne mas Guarnición a Elección","","Arma tu Plato, Carne mas Guarnición a Elección","52","Entraña Grillada","250 Gr de ENTRAÑA, CORONADA CON CHIMICHURRI ARGENTINO, NOTAS DE COMINO, AJO , CEBOLLA Y PEREJIL + 01 GUARNICION A ELECCION","14900","$14.900","true","","1"
"Arma tu Plato, Carne mas Guarnición a Elección","","Arma tu Plato, Carne mas Guarnición a Elección","51","Lomo Vetado al Romero y Vino tinto","TOQUES DE VINO TINTO, ROMERO Y AJO CONFITADO + GUARNICION A ELECCION","13500","$13.500","true","","1"
"Arma tu Plato, Carne mas Guarnición a Elección","","Arma tu Plato, Carne mas Guarnición a Elección","361","Lomo Vetado a lo Pobre","250 GR DE LOMO VETADO ACOMPAÑADO DE CEBOLLA CARAMELIZADA Y HUEVO + UNA GUARNICIÓN A ELECCIÓN","14000","$14.000","true","","1"
"Arma tu Plato, Carne mas Guarnición a Elección","","Arma tu Plato, Carne mas Guarnición a Elección","448","Lomo Liso a lo Pobre","","13900","$13.900","true","","1"
"Arma tu Plato, Carne mas Guarnición a Elección","","Arma tu Plato, Carne mas Guarnición a Elección","362","Lomo Liso con Chimichurri Argentino","TIERNO CORTE DE 250 GR DE LOMO LISO CORONADO CON UNA DELICIOSO CHIMICHURRI ARGENTINO AHUMADO AL ESTILO TERRACIELO.","14000","$14.000","true","","1"
"Arma tu Plato, Carne mas Guarnición a Elección","","Arma tu Plato, Carne mas Guarnición a Elección","55","Lomo Saltado","TIERNOS CORTES DE LOMO VETADO SALTEADO AL ESTILO PERUANO CON TOMATE, CEBOLLA, MORRON, CILANTRO + GUARNICION A ELECCION.","13500","$13.500","true","","1"
"Arma tu Plato, Carne mas Guarnición a Elección","","Arma tu Plato, Carne mas Guarnición a Elección","54","Suprema de Pollo Grillado","SUPREMA DE POLLO GRILLADO CON BASE DE MANTEQUILLA AL AJO CARAMELIZADO + GUARNICION A ELECCION","12900","$12.900","true","","1"
"Arma tu Plato, Carne mas Guarnición a Elección","","Arma tu Plato, Carne mas Guarnición a Elección","286","Reineta a la Plancha","Filete de Reineta a la plancha sazonado con mantequilla orégano ajo y notas de romero montado sobre una cama de Tomate saltado al Wok + 1 Guarnición a elección.","13900","$13.900","true","","1"
"Arma tu Plato, Carne mas Guarnición a Elección","","Arma tu Plato, Carne mas Guarnición a Elección","288","ALBACORA FRITA, CHICHARRON O A LA PLANCHA","MEDALLON DE ALBACORA 250 RG","13900","$13.900","true","","1"
"Arma tu Plato, Carne mas Guarnición a Elección","","Arma tu Plato, Carne mas Guarnición a Elección","53","Atún tataki","MEDALLÓN DE ATÚN EN COSTRA DE SÉSAMO Y NOTAS DE JENGIBRE. + GUARNICION A ELECCION","15900","$15.900","true","","1"
"Arma tu Plato, Carne mas Guarnición a Elección","","Arma tu Plato, Carne mas Guarnición a Elección","287","CHICHARRON DE REINETA","FILETE DE REINETA CRUJIENTE POR FUERA, SUAVE Y JUGOSO POR DENTRO, ACOMPAÑADO DE UNA DELICADA SALSA DE AJÍ VERDE Y CILANTRO. UN SABOR QUE TE TRANSPORTA DIRECTAMENTE A LA COSTA CHILENA + UNA GUARNICIÓN A ELECCIÓN","14900","$14.900","true","","1"
"Arma tu Plato, Carne mas Guarnición a Elección","Guarniciones de la casa","Arma tu Plato, Carne mas Guarnición a Elección > Guarniciones de la casa","133","Pastelera Choclo","TRADICIONAL RECETA SUREÑA","6500","$6.500","true","","0"
"Arma tu Plato, Carne mas Guarnición a Elección","Guarniciones de la casa","Arma tu Plato, Carne mas Guarnición a Elección > Guarniciones de la casa","134","Puré Campestre","PURE DE PAPA NATURAL ACOMPAÑADO CON ZAPALLO ITALIANO, ZANAHORIA Y PIMENTON AHUMADOS.","4500","$4.500","true","","0"
"Arma tu Plato, Carne mas Guarnición a Elección","Guarniciones de la casa","Arma tu Plato, Carne mas Guarnición a Elección > Guarniciones de la casa","136","Papas Rústicas","CON SAZÓN A ELECCIÓN, MERQUÉN, LIMÓN, ROMERO O SAL DE MAR Y UNA SALSA DE LA CASA.","4500","$4.500","true","","0"
"Arma tu Plato, Carne mas Guarnición a Elección","Guarniciones de la casa","Arma tu Plato, Carne mas Guarnición a Elección > Guarniciones de la casa","89","Papas Fritas","","4500","$4.500","true","","0"
"Arma tu Plato, Carne mas Guarnición a Elección","Guarniciones de la casa","Arma tu Plato, Carne mas Guarnición a Elección > Guarniciones de la casa","64","Risotto Cafeinado","CON EMULSIÓN DE PARMESANO, VINO BLANCO Y CAFÉ.","6900","$6.900","true","","0"
"Arma tu Plato, Carne mas Guarnición a Elección","Guarniciones de la casa","Arma tu Plato, Carne mas Guarnición a Elección > Guarniciones de la casa","65","Risotto al Limón","TRADICIONAL RISOTTO CON NOTAS CÍTRICAS, PARMESANO Y VINO BLANCO.","6900","$6.900","true","","0"
"Arma tu Plato, Carne mas Guarnición a Elección","Guarniciones de la casa","Arma tu Plato, Carne mas Guarnición a Elección > Guarniciones de la casa","66","Risotto de setas","TRADICIONAL RISOTTO DE CHAMPIÑONES.","6900","$6.900","true","","0"
"Arma tu Plato, Carne mas Guarnición a Elección","Guarniciones de la casa","Arma tu Plato, Carne mas Guarnición a Elección > Guarniciones de la casa","219","Arroz Perla","","2500","$2.500","true","","0"
"Arma tu Plato, Carne mas Guarnición a Elección","Guarniciones de la casa","Arma tu Plato, Carne mas Guarnición a Elección > Guarniciones de la casa","224","Arroz Perla y Papa Frita","","4500","$4.500","true","","0"
"Arma tu Plato, Carne mas Guarnición a Elección","Guarniciones de la casa","Arma tu Plato, Carne mas Guarnición a Elección > Guarniciones de la casa","321","Arroz Chaufa Peruano","","5000","$5.000","true","","0"
"Arma tu Plato, Carne mas Guarnición a Elección","Guarniciones de la casa","Arma tu Plato, Carne mas Guarnición a Elección > Guarniciones de la casa","429","Ensalada Surtida","","6500","$6.500","true","","0"
"Recomendación del Chef","","Recomendación del Chef","46","Ceviche Nikkei","CEVICHE CON PESCADO DEL DIA , CEBOLLA MORADA, PULPO, CAMARON, PALTA EN CUBO, LECHE DE TIGRE, MANGO, CILANTRO, CHIPS DE CAMOTES Y AROS DE ROCOTO. ACOMPAÑADO CON SALSA AGRI DULCE A ELECCION.","14900","$14.900","true","","0"
"Recomendación del Chef","","Recomendación del Chef","47","Ceviche Peruano","TRADICIONAL CEVICHE ESTILO PERUANO HECHO CON PESCADO DEL DIA, CEBOLLA MORADA, CILANTRO, SAZONADO CON LECHE DE TIGRE, ACOMPAÑADO DE ROCOTO, CANCHITA TOSTADA, CHOCLO PERUANO Y CHIPS DE CAMOTE.","13900","$13.900","true","","0"
"Recomendación del Chef","","Recomendación del Chef","167","Leche de Tigre en Copa","Refrescante Leche de tigre acompañado de unos pequeños Trozos de pescado presentado como un abrebocas para comenzar con tu siguiente plato.","9900","$9.900","true","","0"
"Recomendación del Chef","","Recomendación del Chef","290","CHICHARRON DE CAMARON","CHICHARRON DE CAMARON CON PAPAS RUSTICAS AL ROMERO Y SALSA ACEVICHADA","15900","$15.900","true","","0"
"Recomendación del Chef","","Recomendación del Chef","261","Ostiones a la Parmesana","LIBRILLO DE OSTIONES A LA PARMESANA SOBRE CEBOLLAS ASADAS, ACOMPAÑADO DE CREMA PARMESANA AL LIMÓN Y VINO BLANCO ACOMPAÑADO DE UNA SALSA ACEVICHADA Y CREMA DE ROCOTO AHUMADO.","13900","$13.900","true","","0"
"Recomendación del Chef","","Recomendación del Chef","49","Machas a la Parmesana","LIBRILLO DE MACHAS A LA PARMESANA SOBRE CEBOLLAS ASADAS, ACOMPAÑADO DE CREMA PARMESANA AL LIMÓN Y VINO BLANCO ACOMPAÑADO DE UNA SALSA ACEVICHADA Y CREMA DE ROCOTO AHUMADO.","16900","$16.900","true","","0"
"Recomendación del Chef","","Recomendación del Chef","289","CHUPE DE MARISCO","","11900","$11.900","true","","0"
"Recomendación del Chef","","Recomendación del Chef","68","Pastel de Jaiba","TRADICIONAL PASTEL DE JAIBA CON DÚO DE QUESOS GRATINADOS Y NOTAS DE PIMIENTOS ASADOS.","12100","$12.100","true","","0"
"Recomendación del Chef","","Recomendación del Chef","388","Paila Marina","Esta deliciosa preparación reúne lo más fresco de nuestras costas: Mix de mariscos, ostiones, calamares, camarones y pescados de temporada, cocidos en un sabroso caldo con cebollas, ajo, vino blanco y especias de la casa.","15900","$15.900","true","","0"
"Recomendación del Chef","","Recomendación del Chef","285","REINETA CON SALSA MARGARITA","Reineta frita o a la plancha, acompañada de una salsa margarita con mix de mariscos, arroz perla y papas fritas","13900","$13.900","true","","0"
"Recomendación del Chef","","Recomendación del Chef","70","Fetuccini Di Mari","PASTA ARTESANAL DE LA CASA BAÑADO CON SALSA BECHAMEL AL VINO, SURTIDO DE MARISCOS, CAMARÓN, OSTIÓN Y LAMINAS DE PULPO.","12500","$12.500","true","","0"
"Recomendación del Chef","","Recomendación del Chef","215","Fetuccini a la Carbonara Con Pollo Grillado","PASTA ARTESANAL DE LA CASA CON TOCINO PARMESANO Y HUEVO ACOMPAÑADO DE UNA SUPREMA DE POLLO GRILLADO Y NOTAS DE PESTO.","11900","$11.900","true","","0"
"Recomendación del Chef","","Recomendación del Chef","394","FETUCCINI A LA HUANCAHINA CON FILETE DE POLLO AL GRILLE","PASTA ARTESANAL HECHA EN EL MOMENTO ACOMPAÑADA CON UNA DELICIOSA SALSA HUANCAHINA DE LA CASA Y CON JUGOSIO MEDALLON DE POLLO GRILLADO","14900","$14.900","true","","0"
"Recomendación del Chef","","Recomendación del Chef","402","Ñoquis di Pesto con Lomo Saltado","Imagina unos ñoquis suaves y esponjosos, bañados en una sedosa salsa pesto, con el aroma fresco de la albahaca y un toque de parmesano fundiéndose en cada bocado. Ahora súmale tiernos trozos de lomo saltado, jugosos y llenos de sabor, salteados al punto perfecto con un toque ahumado y especiado. Una combinación inesperada, intensa y absolutamente deliciosa. ¿Listo para rendirte a esta explosión de sabores? 😏🔥","15900","$15.900","true","","0"
"Recomendación del Chef","","Recomendación del Chef","227","Pastel de Choclo","CLASICO PASTEL DE CHOCLO RELLENO CON CEBOLLA CARAMELIZADA, TROZOS DE CARNE NOTAS DE ALBAHACA, HUEVO DURO, ACEITUNA DE AZAPA, GRATINADO DULCE ACOMPAÑADO CON TOMATES SALTEADOS.","8500","$8.500","true","","0"
"Recomendación del Chef","","Recomendación del Chef","111","Ensalada Cesar","Ensalada Mixta acompañada de cubitos de pechuga flambeadas con sazón ahumado","7500","$7.500","true","","0"
"Menu Kids","","Menu Kids","132","Para Refrescar una Pecera","Bebida Refrescante con Sprite, Delfines Masticables, Hierba Buena, y un toque de Gatorade.","3900","$3.900","true","","0"
"Menu Kids","","Menu Kids","130","Bastoncitos Crocantes","RICAS PAPAS FRITAS ACOMPAÑADAS DE BASTONCITOS DE POLLO BROSTER Y UN MIX DE SALSAS COLORIDAS","4500","$4.500","true","","0"
"Menu Kids","","Menu Kids","234","El Clasico","ARROZ PERLA ACOMPAÑADO CON HUEVO FRITO Y PULPITOS DE VIENESA","3000","$3.000","true","","0"
"Menu Kids","","Menu Kids","233","Jenga de Papas Fritas","TORRE DE PAPAS FRITAS AL ESTILO YENGA ACOMPAÑADOS DE BALONES DE COLIFLOR APANADOS EN PANCO","4500","$4.500","true","","0"
"Postres Terracielo","","Postres Terracielo","154","Cheesecake","cheesecake, Durasno, Frutos rojos o Maracuya","2500","$2.500","true","","0"
"Postres Terracielo","","Postres Terracielo","155","Terra Volcan","Delicioso Helado Vainilla y Chocolate Envuelto por un Panque Preparado al Instante Bañado en Chantilly y Salsa de Chocolate.","5000","$5.000","true","","0"
"Postres Terracielo","","Postres Terracielo","245","Copa de Helado","Deliciosa Copa de helado con una Base de Frutas de la Temporada, Crema Chantilly, Bañado en Salsa de Chocolate y Decorado con Galletas obleas","5500","$5.500","true","","0"
"Postres Terracielo","","Postres Terracielo","401","Postre Sabor y Vida","Déjate seducir por la fusión perfecta de sabores en nuestro Panque relleno con frutas y Helado de vainilla, con un sutil toque de licor de café, bañado con Crema Chantilli y un irresistible licor de chocolate. Cada bocado es un viaje entre dulzura y carácter, ideal para los amantes de los placeres intensos. ¿Te atreves a probarlo? 😏✨","6500","$6.500","true","","0"
"Postres Terracielo","","Postres Terracielo","473","Dona Grande Cubierta con Glaseado","Deliciosas donas cubiertas con glaseado de chocolate, frutilla caramelo.","1500","$1.500","true","","0"
"Postres Terracielo","","Postres Terracielo","474","Mix Donas Mini Sabores","","2500","$2.500","true","","0"
"Postres Terracielo","","Postres Terracielo","475","CROISSANT RELLENO MANJAR 2 UN","","1250","$1.250","true","","0"
"Postres Terracielo","","Postres Terracielo","476","MEDIALUNA 2 un 45gr","","1250","$1.250","true","","0"
"Postres Terracielo","","Postres Terracielo","485","Cupcace","","1500","$1.500","true","","0"
"Tablas","","Tablas","242","Tabla Entre amigos","Trilogía de quesadillas (Pollo, Carne y Verduras), 03 Trutitos BBQ, 03 Trutitos a la mostaza, 02 Brochetas de Carne, 02 Brochetas de pollo, 02 Brochetas de Chorizo Pimentón, 02 brochetas de Zapallo Italiano grillados, 02 canastillas de papas fritas y salsa a elección","24500","$24.500","true","","0"
"Tablas","","Tablas","380","Tabla Terramar","Tabla acompañada de una trilogía de quesadillas rellenas con Carne (2) Pollo (2) Verduras (2), 3 canastitas de papas fritas, 3 trutitos a la mostaza y 3 Trutitos BBQ, trilogía de Brochetas Una de Carne, Una de Pollo, Una Chicharrón de Camarón y una Chicharrón de Pescado del día + 3 salsas de la Casa","28000","$28.000","true","","0"
"Tablas","","Tablas","409","Tabla Marina","4 mini Ceviches al estilo Peruano, Chicharron de Reineta, Chicharron de Camarón, Aros de Calamar apanados en Panco, Leche de Tigre al estilo Terracielo, Chips de Camote, Canchitas, + 2 Porción de Papas Rústicas al oregano y Romero.","30900","$30.900","true","","0"
"Tablas","","Tablas","431","Tabla sureña","1 Brocheta de Carne, una brocheta de pollo, 1 Brocheta de Cerdo, 1 Brocheta Vegetariana, 2 Canastillas de papas, 5 empánadas de pastel de choclo, 5 empanadas de pino, 10 sopaipillas y salsas de la casa","31900","$31.900","true","","0"
"Canastas","","Canastas","92","Canastas Terra","CANASTA DE PAPAS FRITAS, AROS DE CEBOLLA, CUBIERTA DE CARNE SALTEADA CON PIMENTON Y CEBOLLA MORADA, SALSA DE QUESO CHEDDAR Y CEBOLLIN + 4 BROCHETAS DE POLLO","10900","$10.900","true","","0"
"Canastas","","Canastas","143","Canasta Cielo","PAPAS FRITAS, ACOMPAÑADAS DE CARNE, LONGANIZA Y TOCINO SALTEADO CON CEBOLLA Y HOJAS DE CEBOLLIN + 4 BROCHETAS DE CHORIZOS CON VERDURAS Y SALSA QUESO CHEDDAR.","10900","$10.900","true","","0"
"Canastas","","Canastas","144","Canasta Sabor","PAPAS FRITAS, ACOMPAÑADAS CON POLLO, CHAMPIÑÓN, SALSA BLANCA, PEPINILLOS AGRIDULCES, 04 BROCHETAS DE POLLO APANADO Y SALSA DE QUESO CHEDAR.","10900","$10.900","true","","0"
"Canastas","","Canastas","145","Canasta Vida","PAPAS FRITAS, ACOMPAÑADAS CON UN MIX DE VERDURAS SALTEADAS, CHAMPIÑON, TOMATE, SALSA BLANCA , AROS DE ACEITUNAS, PEPINILLOS AGRIDULCES ENCURTIDO DE REPOLLO MORADO, NOTAS DE PESTO + 4 BROCHETAS VEGETARIANAS.","10900","$10.900","true","","0"
"Canastas","","Canastas","225","Chorrillana Terra Cerdos","900 GR PAPAS RUSTICAS, CARNE, POLLO, SALTEADA CON CEBOLLA , CHORIZO, VIANESA, CEBOLLIN, PIMENTON, AROS DE ACEITUNA, 2 HUEVO FRITOS Y 02 BROCHETAS DE CHORIZO AHUMADO.","15900","$15.900","true","","0"
"Terra Burguers","","Terra Burguers","236","Hamburguesa Terra","HAMBURGUESA ARTESANAL, CEBOLLA CARAMELIZADA, QUESO CHEDAR, CHIPS DE TOCINO, PEPINILLOS, LECHUGA, TOMATE, ACOMPAÑADA DE UNA CANASTA PERSONAL DE PAPAS FRITAS Y UNA SALSA A ELECCION.","9500","$9.500","true","","0"
"Terra Burguers","","Terra Burguers","147","Hamburguesa Cielo","HAMBURGUESA DE LA CASA, QUESO CHÉDAR, CEBOLLA CARAMELIZADA, PEPINILLOS Y LECHUGA .","9500","$9.500","true","","0"
"Terra Burguers","","Terra Burguers","226","Hamburguesa Sabor","HAMBURGUESA ARTESANAL DE LA CASA SALTEADA CON CEBOLLA MORADA, TOMATE, PIMENTON, ROCOTO A ELECCION Y 200 Gr PAPAS FRITAS.","9800","$9.800","true","","0"
"Terra Burguers","","Terra Burguers","104","Hamburguesa Vida","HAMBURGUESA ARTESANAL DE LA CASA, TOCINO, AROS DE CEBOLLA, HUEVO FRITO, BAÑADA CON QUESO FUNDIDO Y UNA SALSA A ELECCIÓN","9500","$9.500","true","","0"
"Terra Burguers","","Terra Burguers","146","Hamburguesa Italiana","HAMBURGUESA ARTESANAL DE LA CASA, TOMATE, PALTA LAMINADA, LECHUGA Y SALSA ALIOLI","9500","$9.500","true","","0"
"Terra Burguers","","Terra Burguers","325","Hamburguesa Terra Napoles","HAMBURGUESA ARTESANAL DE LA CASA, CEBOLLA CARAMELIZADA, QUESO CHEDAR, CHIPS DE TOCINO, LECHUGA, TOMATE, BAÑADA CON QUESO, PIMENTON Y SALAME AHUMADO.","10500","$10.500","true","","0"
"Terra Burguers","","Terra Burguers","450","Hamburguesa Terra American","HAMBURGUESA ARTESANAL DE LA CASA, QUESO CHEDAR, LAMINAS DE TOCINO, CEBOLLA CARAMELIZADA, HUEVO FRITO, 3 AROS DE CEBOLLA","10900","$10.900","true","","0"
"Terra Burguers","","Terra Burguers","449","Hamburguesa Terra Mexicana","HAMBURGUESA ARTESANAL DE LA CASA, LAMINAS DE CHORIZO, QUESO CHEDAR, LECHUGA, TOMATE, CEBOLLA CARAMELIZADA, PEPINILLO ARTESANAL y JALAPEÑO A ELECCIÓN.","9900","$9.900","true","","0"
"Terra Burguers","","Terra Burguers","148","Hamburguesa Terra XXL","2 HAMBURGUESAS ARTESANALES MONTADAS EN 3 PISOS DE PAN , CEBOLLA CARAMELIZADA, QUESO CHEDAR, CHIPS DE TOCINO, PEPINILLOS, LECHUGA, TOMATE Y UNA SALSA A ELECCION","12000","$12.000","true","","0"
"Terra Pizza","","Terra Pizza","114","Pizza Terracielo","FINA Y CROCANTE MASA DE PIZZA RUSTICA CON POMODORO DE LA CASA, QUESO, POLLO AHUMADO Y GRILLADO, TOCINO Y SALSA AGRIDULCE.","9500","$9.500","true","","0"
"Terra Pizza","","Terra Pizza","211","Pizza Terra Nortina","FINA Y CROCANTE MASA DE PIZZA RUSTICA CON BASE DE POMODORO, QUESO MOZARELA, ACEITUNA AZAPA, CARNE MECHADA, ROCOTO, AROS DE CEBOLLA BLANCA.","11000","$11.000","true","","0"
"Terra Pizza","","Terra Pizza","213","Pizza Terra Love","FINA Y CROCANTE MASA DE PIZZA RUSTICA CON POMODORO DE LA CASA, QUESO PARMESANO, CHAMPIÑON, TOMATE CHERRY, PALMITOS, PIMENTON Y NOTAS DE ALBAHACA.","9900","$9.900","true","","0"
"Terra Pizza","","Terra Pizza","451","Pizza Di Pesto","FINA Y CROCANTE MASA DE PIZZA RUSTICA CON POMODORO DE LA CASA, QUESO PARMESANO, PESTO, HOJAS DE ALBAHACA, TOMATE CHERRY Y AROS DE ACEITUNA.","10900","$10.900","true","","0"
"Terra Pizza","","Terra Pizza","115","Pizza Salami","FINA Y CROCANTE MASA DE PIZZA RUSTICA CON BASE POMODORO, SALAME, QUESO, PIMENTON ROJO Y HOJAS DE ALBAHACA FRESCA","9500","$9.500","true","","0"
"Terra Pizza","","Terra Pizza","214","PIZZA 3 QUESO","FINA Y CROCANTE MASA DE PIZZA RUSTICA CON BASE POMODORO, MOZARELA, PARMESANO, CHEDAR, NOTAS DE PESTO Y HOJAS DE ALBAHACA FRESCA","9500","$9.500","true","","0"
"Terra Pizza","","Terra Pizza","212","Pizza Hawaiana","FINA Y CROCANTE MASA DE PIZZA RUSTICA CON BASE POMODORO, QUEZO MOZARELA, JAMON, PIÑA CON NOTAS DE MERKEN A ELECCION","9500","$9.500","true","","0"
"Terra Pizza","","Terra Pizza","113","Pizza Margarita","FINA Y CROCANTE MASA DE PIZZA RUSTICA CON SALSA POMODORO DE LA CASA, QUESO MOZZARELLA, PIMENTON ROJO, NOTAS DE ALBAHACA Y PIMIENTA FRESCA.","8500","$8.500","true","","0"
"Terra Pizza","","Terra Pizza","246","AROS DE CEBOLLA","06 AROS DE CEBOLLA CON 01 SALSA A ELECCION","2500","$2.500","true","","0"
"Terra Pizza","","Terra Pizza","273","Agregados de Pizza","Agregados de pizza","1500","$1.500","true","","0"
"Terra Mexico","","Terra Mexico","231","Quesadilla Saltada","TROZOS DE CARNE SALTEADOS CON CEBOLLA MORADA, TOMATE, PIMENTON, QUESO, SALSA BECHAMEL, ROCOTO A ELECCION Y ACOMPAÑADO DE SALSAS.","9500","$9.500","true","","0"
"Terra Mexico","","Terra Mexico","229","Quesadilla suprema","POLLO SALTEADO CON CHAMPIÑON, SALSA BECHAMEL, QUESO Y CEBOLLIN.","9500","$9.500","true","","0"
"Terra Mexico","","Terra Mexico","237","Quesadilla Vegetariana","SALTEADO DE ZANAHORIA, ZAPALLO ITALIANO, CEBOLLIN, PIMENTON, SALSA BECHAMEL, QUESO Y NOTAS AGRICULCES. 02 SALSAS A ELECCION","9500","$9.500","true","","0"
"Terra Mexico","","Terra Mexico","452","Tacos de Carne","Jugosas tiras de carne salteada al momento, acompañadas de lechuga fresca, tomate, pimentón, cebolla, choclo y zapallo italiano en pluma. Todo coronado con guacamole cremoso y nuestra salsa cítrica, que realza cada bocado con un equilibrio perfecto entre frescura y sabor acompañados de una canastilla de papas fritas.","9900","$9.900","true","","0"
"Terra Mexico","","Terra Mexico","453","Tacos de Pollo","Tiernas tiras de pollo salteado y bien sazonado, combinadas con lechuga, tomate, pimentón, cebolla, choclo y zapallo italiano en pluma. Se sirven con guacamole casero y una salsa cítrica que aporta un toque fresco y vibrante, ideal para quienes buscan sabor y ligereza. Mas una Canastilla de Papas Fritas.","9900","$9.900","true","","0"
"Terra Mexico","","Terra Mexico","454","Tacos de Verduras","Una mezcla colorida de verduras salteadas: lechuga, tomate, pimentón, cebolla, choclo y zapallo italiano en pluma, llenas de textura y sabor. Acompañadas de guacamole cremoso y salsa cítrica, es una opción fresca, sabrosa y perfecta para disfrutar sin carne, pero con mucho carácter. acompañado de una canastilla de papas fritas","9100","$9.100","true","","0"
"Terra Mexico","","Terra Mexico","238","Burritos Grillados de Carne","02 FAJITAS MEXICANAS GRILLADAS, RELLENAS CON ARROZ, CARNE SALTADA CON PIMENTON, CEBOLLA MORADA, MORRON, CHOCLO, SALSA BECHAMEL, QUESO Y LECHUGA, ACOMPAÑADA DE UNA PORCION DE PAPAS FRITAS Y UNA SALSA A ELECCION.","9900","$9.900","true","","0"
"Terra Mexico","","Terra Mexico","239","BURRITOS GRILLADOS CON POLLO","02 FAJITAS MEXICANAS GRILLADAS Y RELLENAS CON ARROZ, POLLO, CHAMPIÑON, PIMENTON, SALSA BECHAMEL, QUESO, LECHUGA PICADA, ACOMPAÑADA DE UNA PORCION DE PAPAS FRITAS Y UNA SALSA A ELECCION","9900","$9.900","true","","0"
"Terra Mexico","","Terra Mexico","240","BURRITO VEGETARIANO","02 FAJITAS MEXICANAS GRILLADAS, ACOMPAÑADAS DE MIX DE VERDURAS SALTEADAS E HIDRATADAS CON SALSA BECHAMEL Y QUESO CHEDAR","9900","$9.900","true","","0"
"Sandwich","","Sandwich","427","Sandwich Caprese","Pan Ciabata, Jamon, Queso Cabra, Rodajas de Tomate, Albahaca, Aceituna, Aceite oliva y Salsas de la Casa.","5500","$5.500","true","","0"
"Sandwich","","Sandwich","107","Sandwich Mechada Italiana","CARNE MECHADA, TOMATE Y PALTA.","6500","$6.500","true","","0"
"Sandwich","","Sandwich","110","Sandwich Mechada Palta","CARNE MECHADA Y PALTA.","6500","$6.500","true","","0"
"Sandwich","","Sandwich","109","Sandwich Mechada Queso","CARNE MECHADA Y QUESO.","6500","$6.500","true","","0"
"Sandwich","","Sandwich","417","Churrasco Italiano.","","6500","$6.500","true","","0"
"Sandwich","","Sandwich","418","Churrasco Barros Luco.","","6500","$6.500","true","","0"
"Sandwich","","Sandwich","419","Churrasco Chacarero","Sándwich compuesto por ají verde picado, lonjas de carne, porotos verdes cocidos fríos, tomates en rodajasSándwich compuesto por ají verde picado, lonjas de carne, porotos verdes cocidos fríos, tomates en rodajasSándwich compuesto por ají verde picado, lonjas de carne, porotos verdes cocidos fríos, tomates en rodajas","6000","$6.000","true","","0"
"Sandwich","","Sandwich","284","Churrasco Americano","Sandwich de Carne, Jamón, Huevo y Queso","6500","$6.500","true","","0"
"Sandwich","","Sandwich","293","Churrasco Palta","Sandwich Churrasco Palta Laminada","6000","$6.000","true","","0"
"Sandwich","","Sandwich","281","Churrasco Solo","","5000","$5.000","true","","0"
"Sandwich","","Sandwich","371","Sandwich Ave Italiana","","6500","$6.500","true","","0"
"Sandwich","","Sandwich","164","Huevo Pochado con Tostadas","Tostadas con Huevo Pochado montados en una lactonesa cebollin y toques citricos.","4500","$4.500","true","","0"
"Sandwich","","Sandwich","160","Tostadas Con Palta y Huevo Revuelto","Deliciosa Tostadas en Pan Ciabatta Con una pocion de palta y Otro de Palta","6500","$6.500","true","","0"
"Sandwich","","Sandwich","163","Paila de Huevo","Paila con 02 Huevos Fritos","2500","$2.500","true","","0"
"Sandwich","","Sandwich","408","Tostadas Con Mantequilla y Mermelada","Tostadas en pan chiabata o pan molde con semillas","5900","$5.900","true","","0"
"Sandwich","","Sandwich","159","Tostadas Con Palta Laminada","Deliciosas Tostadas en Pan Ciabatta, Palta Laminada y Aceite Oliva con Toques de Oregano","6000","$6.000","true","","0"
"Sandwich","","Sandwich","161","Omelette Queso y Jamón","Rico Omelette Acompañado en Pan Ciabatta","5190","$5.190","true","","0"
"Cafetería y Teteria","Cafecitos","Cafetería y Teteria > Cafecitos","118","Expresso Simple","","2900","$2.900","true","","0"
"Cafetería y Teteria","Cafecitos","Cafetería y Teteria > Cafecitos","117","Expreso Doble","","3100","$3.100","true","","0"
"Cafetería y Teteria","Cafecitos","Cafetería y Teteria > Cafecitos","116","Americano Simple","","2900","$2.900","true","","0"
"Cafetería y Teteria","Cafecitos","Cafetería y Teteria > Cafecitos","279","Americano Doble","","3100","$3.100","true","","0"
"Cafetería y Teteria","Cafecitos","Cafetería y Teteria > Cafecitos","216","Cafe Cortado","","3500","$3.500","true","","0"
"Cafetería y Teteria","Cafecitos","Cafetería y Teteria > Cafecitos","455","Lungo","","3300","$3.300","true","","0"
"Cafetería y Teteria","Cafecitos","Cafetería y Teteria > Cafecitos","123","Ristreto","","2350","$2.350","true","","0"
"Cafetería y Teteria","Cafecitos","Cafetería y Teteria > Cafecitos","125","Irish Coffe","","3500","$3.500","true","","0"
"Cafetería y Teteria","Cafecitos","Cafetería y Teteria > Cafecitos","469","IRISH CREAM","","4550","$4.550","true","","0"
"Cafetería y Teteria","Cafecitos","Cafetería y Teteria > Cafecitos","122","Afogato","","4000","$4.000","true","","0"
"Cafetería y Teteria","Cafecitos","Cafetería y Teteria > Cafecitos","205","Cafe Irlandes","","3800","$3.800","true","","0"
"Cafetería y Teteria","Cafecitos","Cafetería y Teteria > Cafecitos","121","Latte Macchiato","","3800","$3.800","true","","0"
"Cafetería y Teteria","Cafecitos","Cafetería y Teteria > Cafecitos","126","Macchiato Caramel","","3200","$3.200","true","","0"
"Cafetería y Teteria","Cafecitos","Cafetería y Teteria > Cafecitos","421","Flat White","","4500","$4.500","true","","0"
"Cafetería y Teteria","Cafecitos","Cafetería y Teteria > Cafecitos","456","Cafe Bombón","","3990","$3.990","true","","0"
"Cafetería y Teteria","Cafecitos","Cafetería y Teteria > Cafecitos","124","CAFÉ ESCOCÉS","","3900","$3.900","true","","0"
"Cafetería y Teteria","Cafecitos","Cafetería y Teteria > Cafecitos","119","CAFÉ VIENÉS","","4000","$4.000","true","","0"
"Cafetería y Teteria","Cafecitos","Cafetería y Teteria > Cafecitos","458","Cafe Baileys","","4900","$4.900","true","","0"
"Cafetería y Teteria","Cafecitos","Cafetería y Teteria > Cafecitos","459","CAFÉ BARRAQUITO","","5800","$5.800","true","","0"
"Cafetería y Teteria","Cafecitos","Cafetería y Teteria > Cafecitos","460","CAFÉ CUBABELLA","","4900","$4.900","true","","0"
"Cafetería y Teteria","Cafecitos","Cafetería y Teteria > Cafecitos","461","CAFÉ BANNY","","4900","$4.900","true","","0"
"Cafetería y Teteria","Cafecitos","Cafetería y Teteria > Cafecitos","120","Capuccino","","3300","$3.300","true","","0"
"Cafetería y Teteria","Cafecitos","Cafetería y Teteria > Cafecitos","85","Capuchino Vainilla","","3300","$3.300","true","","0"
"Cafetería y Teteria","Cafecitos","Cafetería y Teteria > Cafecitos","306","Capuccino Almendra","","3500","$3.500","true","","0"
"Cafetería y Teteria","Cafecitos","Cafetería y Teteria > Cafecitos","462","Cappuccino Sahne-Nuss","","4500","$4.500","true","","0"
"Cafetería y Teteria","Cafecitos","Cafetería y Teteria > Cafecitos","463","CAPPUCCINO TRICOLOR","","4000","$4.000","true","","0"
"Cafetería y Teteria","Cafecitos","Cafetería y Teteria > Cafecitos","464","CAPPUCCINO SWEET","","4800","$4.800","true","","0"
"Cafetería y Teteria","Cafecitos","Cafetería y Teteria > Cafecitos","465","CAPPUCCINO NEW YORK","","4500","$4.500","true","","0"
"Cafetería y Teteria","Cafecitos","Cafetería y Teteria > Cafecitos","466","CAPPUCCINO ITALIANO","","4500","$4.500","true","","0"
"Cafetería y Teteria","Cafecitos","Cafetería y Teteria > Cafecitos","467","CAPPUCCINO MOCACCINO","","4300","$4.300","true","","0"
"Cafetería y Teteria","Cafecitos","Cafetería y Teteria > Cafecitos","468","CAPPUCCINO CARAMEL","","4300","$4.300","true","","0"
"Cafetería y Teteria","Tecitos","Cafetería y Teteria > Tecitos","84","Te Nortino","","2000","$2.000","true","","0"
"Cafetería y Teteria","Tecitos","Cafetería y Teteria > Tecitos","373","CHAI LATTE","","3500","$3.500","true","","0"
"Cafetería y Teteria","Frapuccino","Cafetería y Teteria > Frapuccino","457","ICED COFFEE LATTE","","4450","$4.450","true","","0"
"Cafetería y Teteria","Frapuccino","Cafetería y Teteria > Frapuccino","112","Frapuccino","","4000","$4.000","true","","0"
"Cafetería y Teteria","Frapuccino","Cafetería y Teteria > Frapuccino","151","Frapuccino Vainilla","","3999","$3.999","true","","0"
"Cafetería y Teteria","Frapuccino","Cafetería y Teteria > Frapuccino","168","MilkShake","","4200","$4.200","true","","0"
"Cafetería y Teteria","Frapuccino","Cafetería y Teteria > Frapuccino","447","Cafe Helado","","4500","$4.500","true","","0"
"Tragos Sin Alcohol","","Tragos Sin Alcohol","165","Mojito Sin Alcohol","","4000","$4.000","true","","0"
"Tragos Sin Alcohol","","Tragos Sin Alcohol","179","Royal Guard Sin Alcohol","","2500","$2.500","true","","0"
"Tragos Sin Alcohol","","Tragos Sin Alcohol","180","Heineken Cero Alcohol","","2500","$2.500","true","","0"
"Tragos Sin Alcohol","","Tragos Sin Alcohol","186","Lucky Strike Clic Frost","","6500","$6.500","true","","0"
"Nuestras Salsas Caseras","","Nuestras Salsas Caseras","93","Salsa Acevichada","SALSA CREMOSA A BASE DE CILANTRO, LIMÓN Y LECHE DE TIGRE.","500","$500","true","","0"
"Nuestras Salsas Caseras","","Nuestras Salsas Caseras","95","Salsa huancaina","TRADICIONAL HUAICAINA A BASE DE AJI AMARILLO Y MANI.","500","$500","true","","0"
"Nuestras Salsas Caseras","","Nuestras Salsas Caseras","96","Salsa Cheddar","SALSA CREMOSA DE QUESO CHEDDAR.","500","$500","true","","0"
"Nuestras Salsas Caseras","","Nuestras Salsas Caseras","98","Salsa Agridulce tradicional","SALSA JAPONESA PARA ACOMPAÑAR EL SUSHI.","500","$500","true","","0"
"Nuestras Salsas Caseras","","Nuestras Salsas Caseras","99","Salsa vino y ciruela","ALMIBAR DE VINO MERLOT, CIRUELA Y CANELA TOSTADA.","500","$500","true","","0"
"Nuestras Salsas Caseras","","Nuestras Salsas Caseras","101","Salsa verde","MAYONESA CON NOTAS DE PEREJIL Y AJO.","500","$500","true","","0"
"Nuestras Salsas Caseras","","Nuestras Salsas Caseras","75","Salsa Chimichurri argentino","Salsa Chimichurri argentino, tradicional chimichurri a base de perejil, ajo, cebolla y pimientos.","500","$500","true","","0"
"Menu Tipo Buffet 3 Elecciones + Consome o Crema del Dia","","Menu Tipo Buffet 3 Elecciones + Consome o Crema del Dia","108","Terra Ejecutivo","Entrada de Ensalada Seguido de una Rica Crema del Dia para finalizar con un Rico Fondo del día","5500","$5.500","true","","0"
